method_cls,method_name,grid_seed,reward,done
baseline,random,0,0.0,0
baseline,random,1,0.0,0
baseline,random,2,0.0,0
baseline,random,3,0.0,0
baseline,random,4,0.0,0
baseline,random,5,0.0,0
baseline,random,6,0.0,0
baseline,random,7,0.0,0
baseline,random,8,0.0,0
baseline,random,9,0.0,0
baseline,random,10,0.0,0
baseline,random,11,0.0,0
baseline,random,12,0.0,0
baseline,random,13,0.0,0
baseline,random,14,0.0,0
baseline,random,15,0.0,0
baseline,random,16,0.0,0
baseline,random,17,0.0,0
baseline,random,18,0.0,0
baseline,random,19,0.0,0
baseline,random,20,0.0,0
baseline,random,21,0.0,0
baseline,random,22,0.0,0
baseline,random,23,0.0,0
baseline,random,24,0.0,0
baseline,random,25,0.0,0
baseline,random,26,0.0,0
baseline,random,27,0.0,0
baseline,random,28,0.0,0
baseline,random,29,0.0,0
baseline,random,30,0.0,0
baseline,random,31,0.0,0
baseline,random,32,0.0,0
baseline,random,33,0.0,0
baseline,random,34,0.0,0
baseline,random,35,0.0,0
baseline,random,36,0.0,0
baseline,random,37,0.0,0
baseline,random,38,0.0,0
baseline,random,39,0.0,0
baseline,random,40,0.0,0
baseline,random,41,0.0,0
baseline,random,42,0.0,0
baseline,random,43,0.0,0
baseline,random,44,0.0,0
baseline,random,45,0.0,0
baseline,random,46,0.0,0
baseline,random,47,0.0,0
baseline,random,48,0.0,0
baseline,random,49,0.0,0
baseline,random,50,0.0,0
baseline,random,51,0.0,0
baseline,random,52,0.0,0
baseline,random,53,0.0,0
baseline,random,54,0.0,0
baseline,random,55,0.0,0
baseline,random,56,0.0,0
baseline,random,57,0.0,0
baseline,random,58,0.0,0
baseline,random,59,0.0,0
baseline,random,60,0.0,0
baseline,random,61,0.0,0
baseline,random,62,0.0,0
baseline,random,63,0.0,0
baseline,random,64,0.0,0
baseline,random,65,0.0,0
baseline,random,66,0.0,0
baseline,random,67,0.0,0
baseline,random,68,0.0,0
baseline,random,69,0.0,0
baseline,random,70,0.0,0
baseline,random,71,0.0,0
baseline,random,72,0.0,0
baseline,random,73,0.0,0
baseline,random,74,0.0,0
baseline,random,75,0.0,0
baseline,random,76,0.0,0
baseline,random,77,0.0,0
baseline,random,78,0.0,0
baseline,random,79,0.0,0
baseline,random,80,0.0,0
baseline,random,81,0.0,0
baseline,random,82,0.0,0
baseline,random,83,0.0,0
baseline,random,84,0.0,0
baseline,random,85,0.0,0
baseline,random,86,0.0,0
baseline,random,87,0.0,0
baseline,random,88,0.0,0
baseline,random,89,0.0,0
baseline,random,90,0.0,0
baseline,random,91,0.0,0
baseline,random,92,0.0,0
baseline,random,93,0.0,0
baseline,random,94,0.0,0
baseline,random,95,0.0,0
baseline,random,96,0.0,0
baseline,random,97,0.0,0
baseline,random,98,0.0,0
baseline,random,99,0.0,0
baseline,greedy,0,0.97609375,1
baseline,greedy,1,0.97046875,1
baseline,greedy,2,0.971875,1
baseline,greedy,3,0.9746875,1
baseline,greedy,4,0.9803125,1
baseline,greedy,5,0.97890625,1
baseline,greedy,6,0.98171875,1
baseline,greedy,7,0.9775,1
baseline,greedy,8,0.96625,1
baseline,greedy,9,0.9803125,1
baseline,greedy,10,0.98453125,1
baseline,greedy,11,0.97890625,1
baseline,greedy,12,0.97890625,1
baseline,greedy,13,0.9634375,1
baseline,greedy,14,0.971875,1
baseline,greedy,15,0.971875,1
baseline,greedy,16,0.9803125,1
baseline,greedy,17,0.96625,1
baseline,greedy,18,0.97609375,1
baseline,greedy,19,0.98171875,1
baseline,greedy,20,0.97609375,1
baseline,greedy,21,0.983125,1
baseline,greedy,22,0.97328125,1
baseline,greedy,23,0.97328125,1
baseline,greedy,24,0.9690625,1
baseline,greedy,25,0.97890625,1
baseline,greedy,26,0.97328125,1
baseline,greedy,27,0.9803125,1
baseline,greedy,28,0.9803125,1
baseline,greedy,29,0.9775,1
baseline,greedy,30,0.96625,1
baseline,greedy,31,0.97609375,1
baseline,greedy,32,0.97046875,1
baseline,greedy,33,0.9775,1
baseline,greedy,34,0.97328125,1
baseline,greedy,35,0.9775,1
baseline,greedy,36,0.9803125,1
baseline,greedy,37,0.97609375,1
baseline,greedy,38,0.97609375,1
baseline,greedy,39,0.9690625,1
baseline,greedy,40,0.97046875,1
baseline,greedy,41,0.97890625,1
baseline,greedy,42,0.971875,1
baseline,greedy,43,0.9859375,1
baseline,greedy,44,0.971875,1
baseline,greedy,45,0.9775,1
baseline,greedy,46,0.97328125,1
baseline,greedy,47,0.98171875,1
baseline,greedy,48,0.97046875,1
baseline,greedy,49,0.9803125,1
baseline,greedy,50,0.971875,1
baseline,greedy,51,0.971875,1
baseline,greedy,52,0.9690625,1
baseline,greedy,53,0.97890625,1
baseline,greedy,54,0.983125,1
baseline,greedy,55,0.96484375,1
baseline,greedy,56,0.983125,1
baseline,greedy,57,0.98171875,1
baseline,greedy,58,0.98171875,1
baseline,greedy,59,0.97328125,1
baseline,greedy,60,0.9775,1
baseline,greedy,61,0.97609375,1
baseline,greedy,62,0.971875,1
baseline,greedy,63,0.97890625,1
baseline,greedy,64,0.9690625,1
baseline,greedy,65,0.98171875,1
baseline,greedy,66,0.97609375,1
baseline,greedy,67,0.97328125,1
baseline,greedy,68,0.97328125,1
baseline,greedy,69,0.98171875,1
baseline,greedy,70,0.96625,1
baseline,greedy,71,0.98171875,1
baseline,greedy,72,0.97890625,1
baseline,greedy,73,0.971875,1
baseline,greedy,74,0.9803125,1
baseline,greedy,75,0.97890625,1
baseline,greedy,76,0.9775,1
baseline,greedy,77,0.97328125,1
baseline,greedy,78,0.9803125,1
baseline,greedy,79,0.9803125,1
baseline,greedy,80,0.96625,1
baseline,greedy,81,0.97609375,1
baseline,greedy,82,0.9746875,1
baseline,greedy,83,0.9746875,1
baseline,greedy,84,0.97890625,1
baseline,greedy,85,0.98453125,1
baseline,greedy,86,0.96484375,1
baseline,greedy,87,0.9775,1
baseline,greedy,88,0.9803125,1
baseline,greedy,89,0.9746875,1
baseline,greedy,90,0.9690625,1
baseline,greedy,91,0.96484375,1
baseline,greedy,92,0.9775,1
baseline,greedy,93,0.971875,1
baseline,greedy,94,0.9775,1
baseline,greedy,95,0.9803125,1
baseline,greedy,96,0.9746875,1
baseline,greedy,97,0.97609375,1
baseline,greedy,98,0.97328125,1
baseline,greedy,99,0.96765625,1
direct_code_gen,o3_mini,0,0.96765625,1
direct_code_gen,o3_mini,1,0.0,0
direct_code_gen,o3_mini,2,0.9690625,1
direct_code_gen,o3_mini,3,0.9746875,1
direct_code_gen,o3_mini,4,0.0,0
direct_code_gen,o3_mini,5,0.97046875,1
direct_code_gen,o3_mini,6,0.97046875,1
direct_code_gen,o3_mini,7,0.971875,1
direct_code_gen,o3_mini,8,0.9521875,1
direct_code_gen,o3_mini,9,0.9690625,1
direct_code_gen,o3_mini,10,0.0,0
direct_code_gen,o3_mini,11,0.0,0
direct_code_gen,o3_mini,12,0.97328125,1
direct_code_gen,o3_mini,13,0.9634375,1
direct_code_gen,o3_mini,14,0.0,0
direct_code_gen,o3_mini,15,0.971875,1
direct_code_gen,o3_mini,16,0.9803125,1
direct_code_gen,o3_mini,17,0.96625,1
direct_code_gen,o3_mini,18,0.96765625,1
direct_code_gen,o3_mini,19,0.0,0
direct_code_gen,o3_mini,20,0.97609375,1
direct_code_gen,o3_mini,21,0.983125,1
direct_code_gen,o3_mini,22,0.97046875,1
direct_code_gen,o3_mini,23,0.0,0
direct_code_gen,o3_mini,24,0.9690625,1
direct_code_gen,o3_mini,25,0.96484375,1
direct_code_gen,o3_mini,26,0.97046875,1
direct_code_gen,o3_mini,27,0.0,0
direct_code_gen,o3_mini,28,0.971875,1
direct_code_gen,o3_mini,29,0.9690625,1
direct_code_gen,o3_mini,30,0.0,0
direct_code_gen,o3_mini,31,0.97609375,1
direct_code_gen,o3_mini,32,0.96484375,1
direct_code_gen,o3_mini,33,0.9775,1
direct_code_gen,o3_mini,34,0.0,0
direct_code_gen,o3_mini,35,0.0,0
direct_code_gen,o3_mini,36,0.9746875,1
direct_code_gen,o3_mini,37,0.0,0
direct_code_gen,o3_mini,38,0.0,0
direct_code_gen,o3_mini,39,0.971875,1
direct_code_gen,o3_mini,40,0.95921875,1
direct_code_gen,o3_mini,41,0.97890625,1
direct_code_gen,o3_mini,42,0.971875,1
direct_code_gen,o3_mini,43,0.0,0
direct_code_gen,o3_mini,44,0.96625,1
direct_code_gen,o3_mini,45,0.971875,1
direct_code_gen,o3_mini,46,0.96765625,1
direct_code_gen,o3_mini,47,0.98171875,1
direct_code_gen,o3_mini,48,0.97046875,1
direct_code_gen,o3_mini,49,0.9803125,1
direct_code_gen,o3_mini,50,0.971875,1
direct_code_gen,o3_mini,51,0.9690625,1
direct_code_gen,o3_mini,52,0.96625,1
direct_code_gen,o3_mini,53,0.97609375,1
direct_code_gen,o3_mini,54,0.983125,1
direct_code_gen,o3_mini,55,0.96765625,1
direct_code_gen,o3_mini,56,0.9746875,1
direct_code_gen,o3_mini,57,0.98171875,1
direct_code_gen,o3_mini,58,0.98171875,1
direct_code_gen,o3_mini,59,0.97328125,1
direct_code_gen,o3_mini,60,0.0,0
direct_code_gen,o3_mini,61,0.97046875,1
direct_code_gen,o3_mini,62,0.971875,1
direct_code_gen,o3_mini,63,0.0,0
direct_code_gen,o3_mini,64,0.96625,1
direct_code_gen,o3_mini,65,0.0,0
direct_code_gen,o3_mini,66,0.97046875,1
direct_code_gen,o3_mini,67,0.96765625,1
direct_code_gen,o3_mini,68,0.96203125,1
direct_code_gen,o3_mini,69,0.98171875,1
direct_code_gen,o3_mini,70,0.9634375,1
direct_code_gen,o3_mini,71,0.97046875,1
direct_code_gen,o3_mini,72,0.97046875,1
direct_code_gen,o3_mini,73,0.96625,1
direct_code_gen,o3_mini,74,0.9803125,1
direct_code_gen,o3_mini,75,0.97609375,1
direct_code_gen,o3_mini,76,0.9775,1
direct_code_gen,o3_mini,77,0.97328125,1
direct_code_gen,o3_mini,78,0.9690625,1
direct_code_gen,o3_mini,79,0.0,0
direct_code_gen,o3_mini,80,0.96625,1
direct_code_gen,o3_mini,81,0.0,0
direct_code_gen,o3_mini,82,0.9803125,1
direct_code_gen,o3_mini,83,0.9746875,1
direct_code_gen,o3_mini,84,0.96203125,1
direct_code_gen,o3_mini,85,0.0,0
direct_code_gen,o3_mini,86,0.95640625,1
direct_code_gen,o3_mini,87,0.9775,1
direct_code_gen,o3_mini,88,0.9803125,1
direct_code_gen,o3_mini,89,0.9746875,1
direct_code_gen,o3_mini,90,0.9634375,1
direct_code_gen,o3_mini,91,0.96203125,1
direct_code_gen,o3_mini,92,0.9775,1
direct_code_gen,o3_mini,93,0.9690625,1
direct_code_gen,o3_mini,94,0.9775,1
direct_code_gen,o3_mini,95,0.971875,1
direct_code_gen,o3_mini,96,0.971875,1
direct_code_gen,o3_mini,97,0.97609375,1
direct_code_gen,o3_mini,98,0.97328125,1
direct_code_gen,o3_mini,99,0.96765625,1
direct_code_gen,claude,0,0.97609375,1
direct_code_gen,claude,1,0.9690625,1
direct_code_gen,claude,2,0.9690625,1
direct_code_gen,claude,3,0.9746875,1
direct_code_gen,claude,4,0.97890625,1
direct_code_gen,claude,5,0.9775,1
direct_code_gen,claude,6,0.971875,1
direct_code_gen,claude,7,0.971875,1
direct_code_gen,claude,8,0.96203125,1
direct_code_gen,claude,9,0.97890625,1
direct_code_gen,claude,10,0.98453125,1
direct_code_gen,claude,11,0.0,0
direct_code_gen,claude,12,0.9775,1
direct_code_gen,claude,13,0.96625,1
direct_code_gen,claude,14,0.0,0
direct_code_gen,claude,15,0.971875,1
direct_code_gen,claude,16,0.96484375,1
direct_code_gen,claude,17,0.96203125,1
direct_code_gen,claude,18,0.96765625,1
direct_code_gen,claude,19,0.9746875,1
direct_code_gen,claude,20,0.97609375,1
direct_code_gen,claude,21,0.0,0
direct_code_gen,claude,22,0.97046875,1
direct_code_gen,claude,23,0.0,0
direct_code_gen,claude,24,0.95921875,1
direct_code_gen,claude,25,0.9746875,1
direct_code_gen,claude,26,0.97046875,1
direct_code_gen,claude,27,0.97890625,1
direct_code_gen,claude,28,0.97890625,1
direct_code_gen,claude,29,0.9746875,1
direct_code_gen,claude,30,0.0,0
direct_code_gen,claude,31,0.0,0
direct_code_gen,claude,32,0.97046875,1
direct_code_gen,claude,33,0.9746875,1
direct_code_gen,claude,34,0.971875,1
direct_code_gen,claude,35,0.0,0
direct_code_gen,claude,36,0.97609375,1
direct_code_gen,claude,37,0.0,0
direct_code_gen,claude,38,0.9746875,1
direct_code_gen,claude,39,0.9690625,1
direct_code_gen,claude,40,0.96625,1
direct_code_gen,claude,41,0.96625,1
direct_code_gen,claude,42,0.97046875,1
direct_code_gen,claude,43,0.97609375,1
direct_code_gen,claude,44,0.96484375,1
direct_code_gen,claude,45,0.9746875,1
direct_code_gen,claude,46,0.9690625,1
direct_code_gen,claude,47,0.0,0
direct_code_gen,claude,48,0.0,0
direct_code_gen,claude,49,0.0,0
direct_code_gen,claude,50,0.9690625,1
direct_code_gen,claude,51,0.97046875,1
direct_code_gen,claude,52,0.9690625,1
direct_code_gen,claude,53,0.97046875,1
direct_code_gen,claude,54,0.98171875,1
direct_code_gen,claude,55,0.96765625,1
direct_code_gen,claude,56,0.97328125,1
direct_code_gen,claude,57,0.0,0
direct_code_gen,claude,58,0.96625,1
direct_code_gen,claude,59,0.97046875,1
direct_code_gen,claude,60,0.97609375,1
direct_code_gen,claude,61,0.971875,1
direct_code_gen,claude,62,0.97046875,1
direct_code_gen,claude,63,0.9746875,1
direct_code_gen,claude,64,0.96484375,1
direct_code_gen,claude,65,0.0,0
direct_code_gen,claude,66,0.97328125,1
direct_code_gen,claude,67,0.97328125,1
direct_code_gen,claude,68,0.971875,1
direct_code_gen,claude,69,0.0,0
direct_code_gen,claude,70,0.96484375,1
direct_code_gen,claude,71,0.97609375,1
direct_code_gen,claude,72,0.97328125,1
direct_code_gen,claude,73,0.96625,1
direct_code_gen,claude,74,0.97890625,1
direct_code_gen,claude,75,0.9746875,1
direct_code_gen,claude,76,0.0,0
direct_code_gen,claude,77,0.971875,1
direct_code_gen,claude,78,0.97046875,1
direct_code_gen,claude,79,0.97890625,1
direct_code_gen,claude,80,0.96625,1
direct_code_gen,claude,81,0.9746875,1
direct_code_gen,claude,82,0.0,0
direct_code_gen,claude,83,0.97328125,1
direct_code_gen,claude,84,0.9775,1
direct_code_gen,claude,85,0.9746875,1
direct_code_gen,claude,86,0.96203125,1
direct_code_gen,claude,87,0.0,0
direct_code_gen,claude,88,0.96484375,1
direct_code_gen,claude,89,0.9775,1
direct_code_gen,claude,90,0.96765625,1
direct_code_gen,claude,91,0.960625,1
direct_code_gen,claude,92,0.97046875,1
direct_code_gen,claude,93,0.9690625,1
direct_code_gen,claude,94,0.0,0
direct_code_gen,claude,95,0.0,0
direct_code_gen,claude,96,0.971875,1
direct_code_gen,claude,97,0.0,0
direct_code_gen,claude,98,0.971875,1
direct_code_gen,claude,99,0.97046875,1
direct_code_gen,o1,0,0.97609375,1
direct_code_gen,o1,1,0.9690625,1
direct_code_gen,o1,2,0.9690625,1
direct_code_gen,o1,3,0.9746875,1
direct_code_gen,o1,4,0.97890625,1
direct_code_gen,o1,5,0.9775,1
direct_code_gen,o1,6,0.983125,1
direct_code_gen,o1,7,0.9775,1
direct_code_gen,o1,8,0.96484375,1
direct_code_gen,o1,9,0.97890625,1
direct_code_gen,o1,10,0.98453125,1
direct_code_gen,o1,11,0.9775,1
direct_code_gen,o1,12,0.9775,1
direct_code_gen,o1,13,0.96625,1
direct_code_gen,o1,14,0.97046875,1
direct_code_gen,o1,15,0.971875,1
direct_code_gen,o1,16,0.97890625,1
direct_code_gen,o1,17,0.96765625,1
direct_code_gen,o1,18,0.97890625,1
direct_code_gen,o1,19,0.9803125,1
direct_code_gen,o1,20,0.97609375,1
direct_code_gen,o1,21,0.98171875,1
direct_code_gen,o1,22,0.97046875,1
direct_code_gen,o1,23,0.971875,1
direct_code_gen,o1,24,0.97046875,1
direct_code_gen,o1,25,0.9746875,1
direct_code_gen,o1,26,0.97046875,1
direct_code_gen,o1,27,0.97890625,1
direct_code_gen,o1,28,0.97890625,1
direct_code_gen,o1,29,0.9746875,1
direct_code_gen,o1,30,0.96484375,1
direct_code_gen,o1,31,0.9746875,1
direct_code_gen,o1,32,0.97046875,1
direct_code_gen,o1,33,0.9775,1
direct_code_gen,o1,34,0.971875,1
direct_code_gen,o1,35,0.97609375,1
direct_code_gen,o1,36,0.97890625,1
direct_code_gen,o1,37,0.9746875,1
direct_code_gen,o1,38,0.9746875,1
direct_code_gen,o1,39,0.9690625,1
direct_code_gen,o1,40,0.96625,1
direct_code_gen,o1,41,0.9775,1
direct_code_gen,o1,42,0.97046875,1
direct_code_gen,o1,43,0.98453125,1
direct_code_gen,o1,44,0.97046875,1
direct_code_gen,o1,45,0.9775,1
direct_code_gen,o1,46,0.9746875,1
direct_code_gen,o1,47,0.9803125,1
direct_code_gen,o1,48,0.9690625,1
direct_code_gen,o1,49,0.97890625,1
direct_code_gen,o1,50,0.971875,1
direct_code_gen,o1,51,0.97046875,1
direct_code_gen,o1,52,0.9690625,1
direct_code_gen,o1,53,0.97609375,1
direct_code_gen,o1,54,0.98171875,1
direct_code_gen,o1,55,0.96765625,1
direct_code_gen,o1,56,0.98171875,1
direct_code_gen,o1,57,0.9803125,1
direct_code_gen,o1,58,0.9803125,1
direct_code_gen,o1,59,0.97328125,1
direct_code_gen,o1,60,0.97609375,1
direct_code_gen,o1,61,0.9746875,1
direct_code_gen,o1,62,0.97046875,1
direct_code_gen,o1,63,0.9746875,1
direct_code_gen,o1,64,0.96765625,1
direct_code_gen,o1,65,0.9803125,1
direct_code_gen,o1,66,0.97328125,1
direct_code_gen,o1,67,0.97328125,1
direct_code_gen,o1,68,0.971875,1
direct_code_gen,o1,69,0.9803125,1
direct_code_gen,o1,70,0.96484375,1
direct_code_gen,o1,71,0.98171875,1
direct_code_gen,o1,72,0.97890625,1
direct_code_gen,o1,73,0.971875,1
direct_code_gen,o1,74,0.97890625,1
direct_code_gen,o1,75,0.9775,1
direct_code_gen,o1,76,0.97609375,1
direct_code_gen,o1,77,0.971875,1
direct_code_gen,o1,78,0.97890625,1
direct_code_gen,o1,79,0.97890625,1
direct_code_gen,o1,80,0.96625,1
direct_code_gen,o1,81,0.9746875,1
direct_code_gen,o1,82,0.97890625,1
direct_code_gen,o1,83,0.97609375,1
direct_code_gen,o1,84,0.9775,1
direct_code_gen,o1,85,0.983125,1
direct_code_gen,o1,86,0.96484375,1
direct_code_gen,o1,87,0.97609375,1
direct_code_gen,o1,88,0.97890625,1
direct_code_gen,o1,89,0.9775,1
direct_code_gen,o1,90,0.96765625,1
direct_code_gen,o1,91,0.960625,1
direct_code_gen,o1,92,0.97609375,1
direct_code_gen,o1,93,0.971875,1
direct_code_gen,o1,94,0.97609375,1
direct_code_gen,o1,95,0.97890625,1
direct_code_gen,o1,96,0.971875,1
direct_code_gen,o1,97,0.9746875,1
direct_code_gen,o1,98,0.9746875,1
direct_code_gen,o1,99,0.97046875,1
direct_code_gen,gemini_25_pro,0,0.97609375,1
direct_code_gen,gemini_25_pro,1,0.0,0
direct_code_gen,gemini_25_pro,2,0.971875,1
direct_code_gen,gemini_25_pro,3,0.9746875,1
direct_code_gen,gemini_25_pro,4,0.0,0
direct_code_gen,gemini_25_pro,5,0.97609375,1
direct_code_gen,gemini_25_pro,6,0.97046875,1
direct_code_gen,gemini_25_pro,7,0.971875,1
direct_code_gen,gemini_25_pro,8,0.96625,1
direct_code_gen,gemini_25_pro,9,0.9803125,1
direct_code_gen,gemini_25_pro,10,0.0,0
direct_code_gen,gemini_25_pro,11,0.0,0
direct_code_gen,gemini_25_pro,12,0.97890625,1
direct_code_gen,gemini_25_pro,13,0.9634375,1
direct_code_gen,gemini_25_pro,14,0.0,0
direct_code_gen,gemini_25_pro,15,0.971875,1
direct_code_gen,gemini_25_pro,16,0.96625,1
direct_code_gen,gemini_25_pro,17,0.9634375,1
direct_code_gen,gemini_25_pro,18,0.96765625,1
direct_code_gen,gemini_25_pro,19,0.0,0
direct_code_gen,gemini_25_pro,20,0.97609375,1
direct_code_gen,gemini_25_pro,21,0.0,0
direct_code_gen,gemini_25_pro,22,0.97328125,1
direct_code_gen,gemini_25_pro,23,0.97328125,1
direct_code_gen,gemini_25_pro,24,0.960625,1
direct_code_gen,gemini_25_pro,25,0.97890625,1
direct_code_gen,gemini_25_pro,26,0.97328125,1
direct_code_gen,gemini_25_pro,27,0.0,0
direct_code_gen,gemini_25_pro,28,0.9803125,1
direct_code_gen,gemini_25_pro,29,0.9746875,1
direct_code_gen,gemini_25_pro,30,0.0,0
direct_code_gen,gemini_25_pro,31,0.0,0
direct_code_gen,gemini_25_pro,32,0.97046875,1
direct_code_gen,gemini_25_pro,33,0.9690625,1
direct_code_gen,gemini_25_pro,34,0.97328125,1
direct_code_gen,gemini_25_pro,35,0.0,0
direct_code_gen,gemini_25_pro,36,0.971875,1
direct_code_gen,gemini_25_pro,37,0.0,0
direct_code_gen,gemini_25_pro,38,0.0,0
direct_code_gen,gemini_25_pro,39,0.971875,1
direct_code_gen,gemini_25_pro,40,0.97046875,1
direct_code_gen,gemini_25_pro,41,0.96203125,1
direct_code_gen,gemini_25_pro,42,0.971875,1
direct_code_gen,gemini_25_pro,43,0.0,0
direct_code_gen,gemini_25_pro,44,0.96625,1
direct_code_gen,gemini_25_pro,45,0.9746875,1
direct_code_gen,gemini_25_pro,46,0.97046875,1
direct_code_gen,gemini_25_pro,47,0.0,0
direct_code_gen,gemini_25_pro,48,0.0,0
direct_code_gen,gemini_25_pro,49,0.0,0
direct_code_gen,gemini_25_pro,50,0.971875,1
direct_code_gen,gemini_25_pro,51,0.971875,1
direct_code_gen,gemini_25_pro,52,0.971875,1
direct_code_gen,gemini_25_pro,53,0.96484375,1
direct_code_gen,gemini_25_pro,54,0.983125,1
direct_code_gen,gemini_25_pro,55,0.96765625,1
direct_code_gen,gemini_25_pro,56,0.9746875,1
direct_code_gen,gemini_25_pro,57,0.0,0
direct_code_gen,gemini_25_pro,58,0.96765625,1
direct_code_gen,gemini_25_pro,59,0.96765625,1
direct_code_gen,gemini_25_pro,60,0.0,0
direct_code_gen,gemini_25_pro,61,0.97328125,1
direct_code_gen,gemini_25_pro,62,0.971875,1
direct_code_gen,gemini_25_pro,63,0.0,0
direct_code_gen,gemini_25_pro,64,0.96625,1
direct_code_gen,gemini_25_pro,65,0.0,0
direct_code_gen,gemini_25_pro,66,0.97609375,1
direct_code_gen,gemini_25_pro,67,0.97328125,1
direct_code_gen,gemini_25_pro,68,0.97328125,1
direct_code_gen,gemini_25_pro,69,0.0,0
direct_code_gen,gemini_25_pro,70,0.96625,1
direct_code_gen,gemini_25_pro,71,0.97328125,1
direct_code_gen,gemini_25_pro,72,0.97328125,1
direct_code_gen,gemini_25_pro,73,0.96625,1
direct_code_gen,gemini_25_pro,74,0.9803125,1
direct_code_gen,gemini_25_pro,75,0.97046875,1
direct_code_gen,gemini_25_pro,76,0.0,0
direct_code_gen,gemini_25_pro,77,0.97328125,1
direct_code_gen,gemini_25_pro,78,0.9690625,1
direct_code_gen,gemini_25_pro,79,0.9803125,1
direct_code_gen,gemini_25_pro,80,0.96625,1
direct_code_gen,gemini_25_pro,81,0.0,0
direct_code_gen,gemini_25_pro,82,0.0,0
direct_code_gen,gemini_25_pro,83,0.9746875,1
direct_code_gen,gemini_25_pro,84,0.97890625,1
direct_code_gen,gemini_25_pro,85,0.0,0
direct_code_gen,gemini_25_pro,86,0.96484375,1
direct_code_gen,gemini_25_pro,87,0.0,0
direct_code_gen,gemini_25_pro,88,0.9690625,1
direct_code_gen,gemini_25_pro,89,0.9746875,1
direct_code_gen,gemini_25_pro,90,0.971875,1
direct_code_gen,gemini_25_pro,91,0.96484375,1
direct_code_gen,gemini_25_pro,92,0.96625,1
direct_code_gen,gemini_25_pro,93,0.96625,1
direct_code_gen,gemini_25_pro,94,0.0,0
direct_code_gen,gemini_25_pro,95,0.0,0
direct_code_gen,gemini_25_pro,96,0.9746875,1
direct_code_gen,gemini_25_pro,97,0.0,0
direct_code_gen,gemini_25_pro,98,0.97046875,1
direct_code_gen,gemini_25_pro,99,0.97046875,1
direct_code_gen,deepseek,0,0.97609375,1
direct_code_gen,deepseek,1,0.97328125,1
direct_code_gen,deepseek,2,0.971875,1
direct_code_gen,deepseek,3,0.9775,1
direct_code_gen,deepseek,4,0.983125,1
direct_code_gen,deepseek,5,0.97890625,1
direct_code_gen,deepseek,6,0.0,0
direct_code_gen,deepseek,7,0.9775,1
direct_code_gen,deepseek,8,0.96625,1
direct_code_gen,deepseek,9,0.9803125,1
direct_code_gen,deepseek,10,0.98453125,1
direct_code_gen,deepseek,11,0.97890625,1
direct_code_gen,deepseek,12,0.98171875,1
direct_code_gen,deepseek,13,0.9690625,1
direct_code_gen,deepseek,14,0.971875,1
direct_code_gen,deepseek,15,0.971875,1
direct_code_gen,deepseek,16,0.9803125,1
direct_code_gen,deepseek,17,0.9690625,1
direct_code_gen,deepseek,18,0.97890625,1
direct_code_gen,deepseek,19,0.98171875,1
direct_code_gen,deepseek,20,0.97609375,1
direct_code_gen,deepseek,21,0.983125,1
direct_code_gen,deepseek,22,0.97328125,1
direct_code_gen,deepseek,23,0.97328125,1
direct_code_gen,deepseek,24,0.971875,1
direct_code_gen,deepseek,25,0.97890625,1
direct_code_gen,deepseek,26,0.97328125,1
direct_code_gen,deepseek,27,0.9803125,1
direct_code_gen,deepseek,28,0.9803125,1
direct_code_gen,deepseek,29,0.9775,1
direct_code_gen,deepseek,30,0.96625,1
direct_code_gen,deepseek,31,0.97609375,1
direct_code_gen,deepseek,32,0.97328125,1
direct_code_gen,deepseek,33,0.9775,1
direct_code_gen,deepseek,34,0.97328125,1
direct_code_gen,deepseek,35,0.9775,1
direct_code_gen,deepseek,36,0.9803125,1
direct_code_gen,deepseek,37,0.97609375,1
direct_code_gen,deepseek,38,0.97609375,1
direct_code_gen,deepseek,39,0.971875,1
direct_code_gen,deepseek,40,0.97046875,1
direct_code_gen,deepseek,41,0.97890625,1
direct_code_gen,deepseek,42,0.971875,1
direct_code_gen,deepseek,43,0.0,0
direct_code_gen,deepseek,44,0.971875,1
direct_code_gen,deepseek,45,0.9775,1
direct_code_gen,deepseek,46,0.97609375,1
direct_code_gen,deepseek,47,0.98171875,1
direct_code_gen,deepseek,48,0.97046875,1
direct_code_gen,deepseek,49,0.9803125,1
direct_code_gen,deepseek,50,0.9746875,1
direct_code_gen,deepseek,51,0.9746875,1
direct_code_gen,deepseek,52,0.971875,1
direct_code_gen,deepseek,53,0.97890625,1
direct_code_gen,deepseek,54,0.983125,1
direct_code_gen,deepseek,55,0.96765625,1
direct_code_gen,deepseek,56,0.983125,1
direct_code_gen,deepseek,57,0.98171875,1
direct_code_gen,deepseek,58,0.0,0
direct_code_gen,deepseek,59,0.97609375,1
direct_code_gen,deepseek,60,0.9775,1
direct_code_gen,deepseek,61,0.97609375,1
direct_code_gen,deepseek,62,0.971875,1
direct_code_gen,deepseek,63,0.97890625,1
direct_code_gen,deepseek,64,0.971875,1
direct_code_gen,deepseek,65,0.0,0
direct_code_gen,deepseek,66,0.97609375,1
direct_code_gen,deepseek,67,0.97609375,1
direct_code_gen,deepseek,68,0.97328125,1
direct_code_gen,deepseek,69,0.98171875,1
direct_code_gen,deepseek,70,0.96625,1
direct_code_gen,deepseek,71,0.98171875,1
direct_code_gen,deepseek,72,0.97890625,1
direct_code_gen,deepseek,73,0.971875,1
direct_code_gen,deepseek,74,0.9803125,1
direct_code_gen,deepseek,75,0.97890625,1
direct_code_gen,deepseek,76,0.9775,1
direct_code_gen,deepseek,77,0.97328125,1
direct_code_gen,deepseek,78,0.9803125,1
direct_code_gen,deepseek,79,0.9803125,1
direct_code_gen,deepseek,80,0.96625,1
direct_code_gen,deepseek,81,0.97609375,1
direct_code_gen,deepseek,82,0.9803125,1
direct_code_gen,deepseek,83,0.9775,1
direct_code_gen,deepseek,84,0.97890625,1
direct_code_gen,deepseek,85,0.98453125,1
direct_code_gen,deepseek,86,0.96765625,1
direct_code_gen,deepseek,87,0.9775,1
direct_code_gen,deepseek,88,0.9803125,1
direct_code_gen,deepseek,89,0.9803125,1
direct_code_gen,deepseek,90,0.971875,1
direct_code_gen,deepseek,91,0.96484375,1
direct_code_gen,deepseek,92,0.9775,1
direct_code_gen,deepseek,93,0.9746875,1
direct_code_gen,deepseek,94,0.9775,1
direct_code_gen,deepseek,95,0.9803125,1
direct_code_gen,deepseek,96,0.9746875,1
direct_code_gen,deepseek,97,0.97609375,1
direct_code_gen,deepseek,98,0.97890625,1
direct_code_gen,deepseek,99,0.97046875,1
direct_code_gen,gpt_4o,0,0.0,0
direct_code_gen,gpt_4o,1,0.0,0
direct_code_gen,gpt_4o,2,0.0,0
direct_code_gen,gpt_4o,3,0.0,0
direct_code_gen,gpt_4o,4,0.0,0
direct_code_gen,gpt_4o,5,0.0,0
direct_code_gen,gpt_4o,6,0.0,0
direct_code_gen,gpt_4o,7,0.0,0
direct_code_gen,gpt_4o,8,0.0,0
direct_code_gen,gpt_4o,9,0.0,0
direct_code_gen,gpt_4o,10,0.0,0
direct_code_gen,gpt_4o,11,0.0,0
direct_code_gen,gpt_4o,12,0.0,0
direct_code_gen,gpt_4o,13,0.0,0
direct_code_gen,gpt_4o,14,0.0,0
direct_code_gen,gpt_4o,15,0.0,0
direct_code_gen,gpt_4o,16,0.0,0
direct_code_gen,gpt_4o,17,0.0,0
direct_code_gen,gpt_4o,18,0.0,0
direct_code_gen,gpt_4o,19,0.0,0
direct_code_gen,gpt_4o,20,0.0,0
direct_code_gen,gpt_4o,21,0.0,0
direct_code_gen,gpt_4o,22,0.0,0
direct_code_gen,gpt_4o,23,0.0,0
direct_code_gen,gpt_4o,24,0.0,0
direct_code_gen,gpt_4o,25,0.0,0
direct_code_gen,gpt_4o,26,0.0,0
direct_code_gen,gpt_4o,27,0.0,0
direct_code_gen,gpt_4o,28,0.0,0
direct_code_gen,gpt_4o,29,0.0,0
direct_code_gen,gpt_4o,30,0.0,0
direct_code_gen,gpt_4o,31,0.0,0
direct_code_gen,gpt_4o,32,0.0,0
direct_code_gen,gpt_4o,33,0.0,0
direct_code_gen,gpt_4o,34,0.0,0
direct_code_gen,gpt_4o,35,0.0,0
direct_code_gen,gpt_4o,36,0.0,0
direct_code_gen,gpt_4o,37,0.0,0
direct_code_gen,gpt_4o,38,0.0,0
direct_code_gen,gpt_4o,39,0.0,0
direct_code_gen,gpt_4o,40,0.0,0
direct_code_gen,gpt_4o,41,0.0,0
direct_code_gen,gpt_4o,42,0.0,0
direct_code_gen,gpt_4o,43,0.0,0
direct_code_gen,gpt_4o,44,0.0,0
direct_code_gen,gpt_4o,45,0.0,0
direct_code_gen,gpt_4o,46,0.0,0
direct_code_gen,gpt_4o,47,0.0,0
direct_code_gen,gpt_4o,48,0.0,0
direct_code_gen,gpt_4o,49,0.0,0
direct_code_gen,gpt_4o,50,0.0,0
direct_code_gen,gpt_4o,51,0.0,0
direct_code_gen,gpt_4o,52,0.0,0
direct_code_gen,gpt_4o,53,0.0,0
direct_code_gen,gpt_4o,54,0.0,0
direct_code_gen,gpt_4o,55,0.0,0
direct_code_gen,gpt_4o,56,0.0,0
direct_code_gen,gpt_4o,57,0.0,0
direct_code_gen,gpt_4o,58,0.0,0
direct_code_gen,gpt_4o,59,0.0,0
direct_code_gen,gpt_4o,60,0.0,0
direct_code_gen,gpt_4o,61,0.0,0
direct_code_gen,gpt_4o,62,0.0,0
direct_code_gen,gpt_4o,63,0.0,0
direct_code_gen,gpt_4o,64,0.0,0
direct_code_gen,gpt_4o,65,0.0,0
direct_code_gen,gpt_4o,66,0.0,0
direct_code_gen,gpt_4o,67,0.0,0
direct_code_gen,gpt_4o,68,0.0,0
direct_code_gen,gpt_4o,69,0.0,0
direct_code_gen,gpt_4o,70,0.0,0
direct_code_gen,gpt_4o,71,0.0,0
direct_code_gen,gpt_4o,72,0.0,0
direct_code_gen,gpt_4o,73,0.0,0
direct_code_gen,gpt_4o,74,0.0,0
direct_code_gen,gpt_4o,75,0.0,0
direct_code_gen,gpt_4o,76,0.0,0
direct_code_gen,gpt_4o,77,0.0,0
direct_code_gen,gpt_4o,78,0.0,0
direct_code_gen,gpt_4o,79,0.0,0
direct_code_gen,gpt_4o,80,0.0,0
direct_code_gen,gpt_4o,81,0.0,0
direct_code_gen,gpt_4o,82,0.0,0
direct_code_gen,gpt_4o,83,0.0,0
direct_code_gen,gpt_4o,84,0.0,0
direct_code_gen,gpt_4o,85,0.0,0
direct_code_gen,gpt_4o,86,0.0,0
direct_code_gen,gpt_4o,87,0.0,0
direct_code_gen,gpt_4o,88,0.0,0
direct_code_gen,gpt_4o,89,0.0,0
direct_code_gen,gpt_4o,90,0.0,0
direct_code_gen,gpt_4o,91,0.0,0
direct_code_gen,gpt_4o,92,0.0,0
direct_code_gen,gpt_4o,93,0.0,0
direct_code_gen,gpt_4o,94,0.0,0
direct_code_gen,gpt_4o,95,0.0,0
direct_code_gen,gpt_4o,96,0.0,0
direct_code_gen,gpt_4o,97,0.0,0
direct_code_gen,gpt_4o,98,0.0,0
direct_code_gen,gpt_4o,99,0.0,0
iterative,o3_mini_b,0,0.97328125,1
iterative,o3_mini_b,1,0.97046875,1
iterative,o3_mini_b,2,0.9690625,1
iterative,o3_mini_b,3,0.9746875,1
iterative,o3_mini_b,4,0.9775,1
iterative,o3_mini_b,5,0.97328125,1
iterative,o3_mini_b,6,0.97328125,1
iterative,o3_mini_b,7,0.971875,1
iterative,o3_mini_b,8,0.955,1
iterative,o3_mini_b,9,0.9746875,1
iterative,o3_mini_b,10,0.97328125,1
iterative,o3_mini_b,11,0.97890625,1
iterative,o3_mini_b,12,0.97609375,1
iterative,o3_mini_b,13,0.96625,1
iterative,o3_mini_b,14,0.971875,1
iterative,o3_mini_b,15,0.971875,1
iterative,o3_mini_b,16,0.9803125,1
iterative,o3_mini_b,17,0.9690625,1
iterative,o3_mini_b,18,0.96765625,1
iterative,o3_mini_b,19,0.97328125,1
iterative,o3_mini_b,20,0.97609375,1
iterative,o3_mini_b,21,0.983125,1
iterative,o3_mini_b,22,0.97046875,1
iterative,o3_mini_b,23,0.0,0
iterative,o3_mini_b,24,0.971875,1
iterative,o3_mini_b,25,0.97046875,1
iterative,o3_mini_b,26,0.97046875,1
iterative,o3_mini_b,27,0.0,0
iterative,o3_mini_b,28,0.971875,1
iterative,o3_mini_b,29,0.971875,1
iterative,o3_mini_b,30,0.0,0
iterative,o3_mini_b,31,0.97609375,1
iterative,o3_mini_b,32,0.96765625,1
iterative,o3_mini_b,33,0.9775,1
iterative,o3_mini_b,34,0.0,0
iterative,o3_mini_b,35,0.0,0
iterative,o3_mini_b,36,0.9746875,1
iterative,o3_mini_b,37,0.97609375,1
iterative,o3_mini_b,38,0.97609375,1
iterative,o3_mini_b,39,0.971875,1
iterative,o3_mini_b,40,0.96484375,1
iterative,o3_mini_b,41,0.97890625,1
iterative,o3_mini_b,42,0.971875,1
iterative,o3_mini_b,43,0.9775,1
iterative,o3_mini_b,44,0.971875,1
iterative,o3_mini_b,45,0.9746875,1
iterative,o3_mini_b,46,0.96765625,1
iterative,o3_mini_b,47,0.98171875,1
iterative,o3_mini_b,48,0.97046875,1
iterative,o3_mini_b,49,0.9803125,1
iterative,o3_mini_b,50,0.971875,1
iterative,o3_mini_b,51,0.971875,1
iterative,o3_mini_b,52,0.96625,1
iterative,o3_mini_b,53,0.97609375,1
iterative,o3_mini_b,54,0.983125,1
iterative,o3_mini_b,55,0.96765625,1
iterative,o3_mini_b,56,0.9746875,1
iterative,o3_mini_b,57,0.98171875,1
iterative,o3_mini_b,58,0.98171875,1
iterative,o3_mini_b,59,0.97328125,1
iterative,o3_mini_b,60,0.0,0
iterative,o3_mini_b,61,0.97609375,1
iterative,o3_mini_b,62,0.971875,1
iterative,o3_mini_b,63,0.97328125,1
iterative,o3_mini_b,64,0.9690625,1
iterative,o3_mini_b,65,0.0,0
iterative,o3_mini_b,66,0.97046875,1
iterative,o3_mini_b,67,0.97046875,1
iterative,o3_mini_b,68,0.96765625,1
iterative,o3_mini_b,69,0.98171875,1
iterative,o3_mini_b,70,0.9634375,1
iterative,o3_mini_b,71,0.97328125,1
iterative,o3_mini_b,72,0.97328125,1
iterative,o3_mini_b,73,0.971875,1
iterative,o3_mini_b,74,0.9803125,1
iterative,o3_mini_b,75,0.97609375,1
iterative,o3_mini_b,76,0.9775,1
iterative,o3_mini_b,77,0.97328125,1
iterative,o3_mini_b,78,0.971875,1
iterative,o3_mini_b,79,0.0,0
iterative,o3_mini_b,80,0.96625,1
iterative,o3_mini_b,81,0.97609375,1
iterative,o3_mini_b,82,0.9803125,1
iterative,o3_mini_b,83,0.9775,1
iterative,o3_mini_b,84,0.96484375,1
iterative,o3_mini_b,85,0.97609375,1
iterative,o3_mini_b,86,0.95921875,1
iterative,o3_mini_b,87,0.9775,1
iterative,o3_mini_b,88,0.9803125,1
iterative,o3_mini_b,89,0.9775,1
iterative,o3_mini_b,90,0.96625,1
iterative,o3_mini_b,91,0.96203125,1
iterative,o3_mini_b,92,0.9775,1
iterative,o3_mini_b,93,0.971875,1
iterative,o3_mini_b,94,0.9775,1
iterative,o3_mini_b,95,0.9746875,1
iterative,o3_mini_b,96,0.971875,1
iterative,o3_mini_b,97,0.97609375,1
iterative,o3_mini_b,98,0.97609375,1
iterative,o3_mini_b,99,0.97046875,1
iterative,o3_mini_c,0,0.97609375,1
iterative,o3_mini_c,1,0.97046875,1
iterative,o3_mini_c,2,0.9690625,1
iterative,o3_mini_c,3,0.9746875,1
iterative,o3_mini_c,4,0.983125,1
iterative,o3_mini_c,5,0.97609375,1
iterative,o3_mini_c,6,0.98171875,1
iterative,o3_mini_c,7,0.9775,1
iterative,o3_mini_c,8,0.96625,1
iterative,o3_mini_c,9,0.9803125,1
iterative,o3_mini_c,10,0.98453125,1
iterative,o3_mini_c,11,0.97890625,1
iterative,o3_mini_c,12,0.98171875,1
iterative,o3_mini_c,13,0.96625,1
iterative,o3_mini_c,14,0.971875,1
iterative,o3_mini_c,15,0.971875,1
iterative,o3_mini_c,16,0.9803125,1
iterative,o3_mini_c,17,0.9690625,1
iterative,o3_mini_c,18,0.97609375,1
iterative,o3_mini_c,19,0.98171875,1
iterative,o3_mini_c,20,0.97609375,1
iterative,o3_mini_c,21,0.983125,1
iterative,o3_mini_c,22,0.97046875,1
iterative,o3_mini_c,23,0.97328125,1
iterative,o3_mini_c,24,0.971875,1
iterative,o3_mini_c,25,0.97328125,1
iterative,o3_mini_c,26,0.97046875,1
iterative,o3_mini_c,27,0.9803125,1
iterative,o3_mini_c,28,0.9803125,1
iterative,o3_mini_c,29,0.9746875,1
iterative,o3_mini_c,30,0.96625,1
iterative,o3_mini_c,31,0.97609375,1
iterative,o3_mini_c,32,0.97046875,1
iterative,o3_mini_c,33,0.9775,1
iterative,o3_mini_c,34,0.97328125,1
iterative,o3_mini_c,35,0.9775,1
iterative,o3_mini_c,36,0.9803125,1
iterative,o3_mini_c,37,0.97609375,1
iterative,o3_mini_c,38,0.97609375,1
iterative,o3_mini_c,39,0.971875,1
iterative,o3_mini_c,40,0.96765625,1
iterative,o3_mini_c,41,0.97890625,1
iterative,o3_mini_c,42,0.971875,1
iterative,o3_mini_c,43,0.9859375,1
iterative,o3_mini_c,44,0.971875,1
iterative,o3_mini_c,45,0.9775,1
iterative,o3_mini_c,46,0.97328125,1
iterative,o3_mini_c,47,0.98171875,1
iterative,o3_mini_c,48,0.97046875,1
iterative,o3_mini_c,49,0.9803125,1
iterative,o3_mini_c,50,0.971875,1
iterative,o3_mini_c,51,0.971875,1
iterative,o3_mini_c,52,0.971875,1
iterative,o3_mini_c,53,0.97609375,1
iterative,o3_mini_c,54,0.983125,1
iterative,o3_mini_c,55,0.96765625,1
iterative,o3_mini_c,56,0.983125,1
iterative,o3_mini_c,57,0.98171875,1
iterative,o3_mini_c,58,0.98171875,1
iterative,o3_mini_c,59,0.97328125,1
iterative,o3_mini_c,60,0.9775,1
iterative,o3_mini_c,61,0.97609375,1
iterative,o3_mini_c,62,0.971875,1
iterative,o3_mini_c,63,0.97890625,1
iterative,o3_mini_c,64,0.9690625,1
iterative,o3_mini_c,65,0.98171875,1
iterative,o3_mini_c,66,0.97609375,1
iterative,o3_mini_c,67,0.97328125,1
iterative,o3_mini_c,68,0.97046875,1
iterative,o3_mini_c,69,0.98171875,1
iterative,o3_mini_c,70,0.9634375,1
iterative,o3_mini_c,71,0.98171875,1
iterative,o3_mini_c,72,0.97890625,1
iterative,o3_mini_c,73,0.971875,1
iterative,o3_mini_c,74,0.9803125,1
iterative,o3_mini_c,75,0.97890625,1
iterative,o3_mini_c,76,0.9775,1
iterative,o3_mini_c,77,0.97328125,1
iterative,o3_mini_c,78,0.9803125,1
iterative,o3_mini_c,79,0.9803125,1
iterative,o3_mini_c,80,0.96625,1
iterative,o3_mini_c,81,0.97609375,1
iterative,o3_mini_c,82,0.9803125,1
iterative,o3_mini_c,83,0.9775,1
iterative,o3_mini_c,84,0.97890625,1
iterative,o3_mini_c,85,0.98453125,1
iterative,o3_mini_c,86,0.96484375,1
iterative,o3_mini_c,87,0.9775,1
iterative,o3_mini_c,88,0.9803125,1
iterative,o3_mini_c,89,0.9775,1
iterative,o3_mini_c,90,0.971875,1
iterative,o3_mini_c,91,0.96203125,1
iterative,o3_mini_c,92,0.9775,1
iterative,o3_mini_c,93,0.971875,1
iterative,o3_mini_c,94,0.9775,1
iterative,o3_mini_c,95,0.9803125,1
iterative,o3_mini_c,96,0.971875,1
iterative,o3_mini_c,97,0.97609375,1
iterative,o3_mini_c,98,0.97609375,1
iterative,o3_mini_c,99,0.97046875,1
iterative,o3_mini_d,0,0.97609375,1
iterative,o3_mini_d,1,0.97046875,1
iterative,o3_mini_d,2,0.9690625,1
iterative,o3_mini_d,3,0.9746875,1
iterative,o3_mini_d,4,0.983125,1
iterative,o3_mini_d,5,0.97609375,1
iterative,o3_mini_d,6,0.98171875,1
iterative,o3_mini_d,7,0.9775,1
iterative,o3_mini_d,8,0.96625,1
iterative,o3_mini_d,9,0.9803125,1
iterative,o3_mini_d,10,0.98453125,1
iterative,o3_mini_d,11,0.97890625,1
iterative,o3_mini_d,12,0.98171875,1
iterative,o3_mini_d,13,0.96625,1
iterative,o3_mini_d,14,0.971875,1
iterative,o3_mini_d,15,0.971875,1
iterative,o3_mini_d,16,0.9803125,1
iterative,o3_mini_d,17,0.9690625,1
iterative,o3_mini_d,18,0.97609375,1
iterative,o3_mini_d,19,0.98171875,1
iterative,o3_mini_d,20,0.97609375,1
iterative,o3_mini_d,21,0.983125,1
iterative,o3_mini_d,22,0.97046875,1
iterative,o3_mini_d,23,0.97328125,1
iterative,o3_mini_d,24,0.971875,1
iterative,o3_mini_d,25,0.97328125,1
iterative,o3_mini_d,26,0.97046875,1
iterative,o3_mini_d,27,0.9803125,1
iterative,o3_mini_d,28,0.9803125,1
iterative,o3_mini_d,29,0.9746875,1
iterative,o3_mini_d,30,0.96625,1
iterative,o3_mini_d,31,0.97609375,1
iterative,o3_mini_d,32,0.97046875,1
iterative,o3_mini_d,33,0.9775,1
iterative,o3_mini_d,34,0.97328125,1
iterative,o3_mini_d,35,0.9775,1
iterative,o3_mini_d,36,0.9803125,1
iterative,o3_mini_d,37,0.97609375,1
iterative,o3_mini_d,38,0.97609375,1
iterative,o3_mini_d,39,0.971875,1
iterative,o3_mini_d,40,0.96765625,1
iterative,o3_mini_d,41,0.97890625,1
iterative,o3_mini_d,42,0.971875,1
iterative,o3_mini_d,43,0.9859375,1
iterative,o3_mini_d,44,0.971875,1
iterative,o3_mini_d,45,0.9775,1
iterative,o3_mini_d,46,0.97328125,1
iterative,o3_mini_d,47,0.98171875,1
iterative,o3_mini_d,48,0.97046875,1
iterative,o3_mini_d,49,0.9803125,1
iterative,o3_mini_d,50,0.971875,1
iterative,o3_mini_d,51,0.971875,1
iterative,o3_mini_d,52,0.971875,1
iterative,o3_mini_d,53,0.97609375,1
iterative,o3_mini_d,54,0.983125,1
iterative,o3_mini_d,55,0.96765625,1
iterative,o3_mini_d,56,0.983125,1
iterative,o3_mini_d,57,0.98171875,1
iterative,o3_mini_d,58,0.98171875,1
iterative,o3_mini_d,59,0.97328125,1
iterative,o3_mini_d,60,0.9775,1
iterative,o3_mini_d,61,0.97609375,1
iterative,o3_mini_d,62,0.971875,1
iterative,o3_mini_d,63,0.97890625,1
iterative,o3_mini_d,64,0.9690625,1
iterative,o3_mini_d,65,0.98171875,1
iterative,o3_mini_d,66,0.97609375,1
iterative,o3_mini_d,67,0.97328125,1
iterative,o3_mini_d,68,0.97046875,1
iterative,o3_mini_d,69,0.98171875,1
iterative,o3_mini_d,70,0.9634375,1
iterative,o3_mini_d,71,0.98171875,1
iterative,o3_mini_d,72,0.97890625,1
iterative,o3_mini_d,73,0.971875,1
iterative,o3_mini_d,74,0.9803125,1
iterative,o3_mini_d,75,0.97890625,1
iterative,o3_mini_d,76,0.9775,1
iterative,o3_mini_d,77,0.97328125,1
iterative,o3_mini_d,78,0.9803125,1
iterative,o3_mini_d,79,0.9803125,1
iterative,o3_mini_d,80,0.96625,1
iterative,o3_mini_d,81,0.97609375,1
iterative,o3_mini_d,82,0.9803125,1
iterative,o3_mini_d,83,0.9775,1
iterative,o3_mini_d,84,0.97890625,1
iterative,o3_mini_d,85,0.98453125,1
iterative,o3_mini_d,86,0.96484375,1
iterative,o3_mini_d,87,0.9775,1
iterative,o3_mini_d,88,0.9803125,1
iterative,o3_mini_d,89,0.9775,1
iterative,o3_mini_d,90,0.971875,1
iterative,o3_mini_d,91,0.96203125,1
iterative,o3_mini_d,92,0.9775,1
iterative,o3_mini_d,93,0.971875,1
iterative,o3_mini_d,94,0.9775,1
iterative,o3_mini_d,95,0.9803125,1
iterative,o3_mini_d,96,0.971875,1
iterative,o3_mini_d,97,0.97609375,1
iterative,o3_mini_d,98,0.97609375,1
iterative,o3_mini_d,99,0.97046875,1
iterative,claude_b,0,0.97609375,1
iterative,claude_b,1,0.9690625,1
iterative,claude_b,2,0.9690625,1
iterative,claude_b,3,0.9746875,1
iterative,claude_b,4,0.97890625,1
iterative,claude_b,5,0.9775,1
iterative,claude_b,6,0.983125,1
iterative,claude_b,7,0.9775,1
iterative,claude_b,8,0.96203125,1
iterative,claude_b,9,0.97890625,1
iterative,claude_b,10,0.98453125,1
iterative,claude_b,11,0.9775,1
iterative,claude_b,12,0.9775,1
iterative,claude_b,13,0.96625,1
iterative,claude_b,14,0.97046875,1
iterative,claude_b,15,0.971875,1
iterative,claude_b,16,0.96484375,1
iterative,claude_b,17,0.96203125,1
iterative,claude_b,18,0.97890625,1
iterative,claude_b,19,0.9746875,1
iterative,claude_b,20,0.97609375,1
iterative,claude_b,21,0.98171875,1
iterative,claude_b,22,0.97046875,1
iterative,claude_b,23,0.0,0
iterative,claude_b,24,0.95921875,1
iterative,claude_b,25,0.9746875,1
iterative,claude_b,26,0.97046875,1
iterative,claude_b,27,0.97890625,1
iterative,claude_b,28,0.97890625,1
iterative,claude_b,29,0.9746875,1
iterative,claude_b,30,0.0,0
iterative,claude_b,31,0.0,0
iterative,claude_b,32,0.97046875,1
iterative,claude_b,33,0.9746875,1
iterative,claude_b,34,0.971875,1
iterative,claude_b,35,0.97609375,1
iterative,claude_b,36,0.97890625,1
iterative,claude_b,37,0.9746875,1
iterative,claude_b,38,0.9746875,1
iterative,claude_b,39,0.9690625,1
iterative,claude_b,40,0.96625,1
iterative,claude_b,41,0.96625,1
iterative,claude_b,42,0.97046875,1
iterative,claude_b,43,0.98453125,1
iterative,claude_b,44,0.96484375,1
iterative,claude_b,45,0.9775,1
iterative,claude_b,46,0.9690625,1
iterative,claude_b,47,0.9803125,1
iterative,claude_b,48,0.9690625,1
iterative,claude_b,49,0.97890625,1
iterative,claude_b,50,0.9690625,1
iterative,claude_b,51,0.97046875,1
iterative,claude_b,52,0.9690625,1
iterative,claude_b,53,0.97046875,1
iterative,claude_b,54,0.98171875,1
iterative,claude_b,55,0.96765625,1
iterative,claude_b,56,0.98171875,1
iterative,claude_b,57,0.9803125,1
iterative,claude_b,58,0.9803125,1
iterative,claude_b,59,0.97046875,1
iterative,claude_b,60,0.97609375,1
iterative,claude_b,61,0.971875,1
iterative,claude_b,62,0.97046875,1
iterative,claude_b,63,0.9746875,1
iterative,claude_b,64,0.96484375,1
iterative,claude_b,65,0.9803125,1
iterative,claude_b,66,0.97328125,1
iterative,claude_b,67,0.97328125,1
iterative,claude_b,68,0.971875,1
iterative,claude_b,69,0.9803125,1
iterative,claude_b,70,0.96484375,1
iterative,claude_b,71,0.97609375,1
iterative,claude_b,72,0.97890625,1
iterative,claude_b,73,0.96625,1
iterative,claude_b,74,0.97890625,1
iterative,claude_b,75,0.9775,1
iterative,claude_b,76,0.0,0
iterative,claude_b,77,0.971875,1
iterative,claude_b,78,0.97890625,1
iterative,claude_b,79,0.97890625,1
iterative,claude_b,80,0.96625,1
iterative,claude_b,81,0.9746875,1
iterative,claude_b,82,0.0,0
iterative,claude_b,83,0.97328125,1
iterative,claude_b,84,0.9775,1
iterative,claude_b,85,0.9746875,1
iterative,claude_b,86,0.96203125,1
iterative,claude_b,87,0.0,0
iterative,claude_b,88,0.96484375,1
iterative,claude_b,89,0.9775,1
iterative,claude_b,90,0.96765625,1
iterative,claude_b,91,0.960625,1
iterative,claude_b,92,0.97046875,1
iterative,claude_b,93,0.9690625,1
iterative,claude_b,94,0.97609375,1
iterative,claude_b,95,0.97890625,1
iterative,claude_b,96,0.971875,1
iterative,claude_b,97,0.0,0
iterative,claude_b,98,0.971875,1
iterative,claude_b,99,0.97046875,1
iterative,claude_c,0,0.97609375,1
iterative,claude_c,1,0.9690625,1
iterative,claude_c,2,0.9690625,1
iterative,claude_c,3,0.9746875,1
iterative,claude_c,4,0.97890625,1
iterative,claude_c,5,0.9775,1
iterative,claude_c,6,0.983125,1
iterative,claude_c,7,0.9775,1
iterative,claude_c,8,0.96203125,1
iterative,claude_c,9,0.97890625,1
iterative,claude_c,10,0.98453125,1
iterative,claude_c,11,0.9775,1
iterative,claude_c,12,0.9775,1
iterative,claude_c,13,0.96625,1
iterative,claude_c,14,0.97046875,1
iterative,claude_c,15,0.971875,1
iterative,claude_c,16,0.96484375,1
iterative,claude_c,17,0.96203125,1
iterative,claude_c,18,0.97890625,1
iterative,claude_c,19,0.9746875,1
iterative,claude_c,20,0.97609375,1
iterative,claude_c,21,0.98171875,1
iterative,claude_c,22,0.97046875,1
iterative,claude_c,23,0.0,0
iterative,claude_c,24,0.95921875,1
iterative,claude_c,25,0.9746875,1
iterative,claude_c,26,0.97046875,1
iterative,claude_c,27,0.97890625,1
iterative,claude_c,28,0.97890625,1
iterative,claude_c,29,0.9746875,1
iterative,claude_c,30,0.0,0
iterative,claude_c,31,0.0,0
iterative,claude_c,32,0.97046875,1
iterative,claude_c,33,0.9746875,1
iterative,claude_c,34,0.971875,1
iterative,claude_c,35,0.97609375,1
iterative,claude_c,36,0.97890625,1
iterative,claude_c,37,0.9746875,1
iterative,claude_c,38,0.9746875,1
iterative,claude_c,39,0.9690625,1
iterative,claude_c,40,0.96625,1
iterative,claude_c,41,0.96625,1
iterative,claude_c,42,0.97046875,1
iterative,claude_c,43,0.98453125,1
iterative,claude_c,44,0.96484375,1
iterative,claude_c,45,0.9775,1
iterative,claude_c,46,0.9690625,1
iterative,claude_c,47,0.9803125,1
iterative,claude_c,48,0.9690625,1
iterative,claude_c,49,0.97890625,1
iterative,claude_c,50,0.9690625,1
iterative,claude_c,51,0.97046875,1
iterative,claude_c,52,0.9690625,1
iterative,claude_c,53,0.97046875,1
iterative,claude_c,54,0.98171875,1
iterative,claude_c,55,0.96765625,1
iterative,claude_c,56,0.98171875,1
iterative,claude_c,57,0.9803125,1
iterative,claude_c,58,0.9803125,1
iterative,claude_c,59,0.97046875,1
iterative,claude_c,60,0.97609375,1
iterative,claude_c,61,0.971875,1
iterative,claude_c,62,0.97046875,1
iterative,claude_c,63,0.9746875,1
iterative,claude_c,64,0.96484375,1
iterative,claude_c,65,0.9803125,1
iterative,claude_c,66,0.97328125,1
iterative,claude_c,67,0.97328125,1
iterative,claude_c,68,0.971875,1
iterative,claude_c,69,0.9803125,1
iterative,claude_c,70,0.96484375,1
iterative,claude_c,71,0.97609375,1
iterative,claude_c,72,0.97890625,1
iterative,claude_c,73,0.96625,1
iterative,claude_c,74,0.97890625,1
iterative,claude_c,75,0.9775,1
iterative,claude_c,76,0.0,0
iterative,claude_c,77,0.971875,1
iterative,claude_c,78,0.97890625,1
iterative,claude_c,79,0.97890625,1
iterative,claude_c,80,0.96625,1
iterative,claude_c,81,0.9746875,1
iterative,claude_c,82,0.0,0
iterative,claude_c,83,0.97328125,1
iterative,claude_c,84,0.9775,1
iterative,claude_c,85,0.9746875,1
iterative,claude_c,86,0.96203125,1
iterative,claude_c,87,0.0,0
iterative,claude_c,88,0.96484375,1
iterative,claude_c,89,0.9775,1
iterative,claude_c,90,0.96765625,1
iterative,claude_c,91,0.960625,1
iterative,claude_c,92,0.97046875,1
iterative,claude_c,93,0.9690625,1
iterative,claude_c,94,0.97609375,1
iterative,claude_c,95,0.97890625,1
iterative,claude_c,96,0.971875,1
iterative,claude_c,97,0.0,0
iterative,claude_c,98,0.971875,1
iterative,claude_c,99,0.97046875,1
iterative,o1_b,0,0.97609375,1
iterative,o1_b,1,0.9690625,1
iterative,o1_b,2,0.9690625,1
iterative,o1_b,3,0.9746875,1
iterative,o1_b,4,0.97890625,1
iterative,o1_b,5,0.9775,1
iterative,o1_b,6,0.983125,1
iterative,o1_b,7,0.9775,1
iterative,o1_b,8,0.96484375,1
iterative,o1_b,9,0.97890625,1
iterative,o1_b,10,0.98453125,1
iterative,o1_b,11,0.9775,1
iterative,o1_b,12,0.9775,1
iterative,o1_b,13,0.96625,1
iterative,o1_b,14,0.97046875,1
iterative,o1_b,15,0.971875,1
iterative,o1_b,16,0.97890625,1
iterative,o1_b,17,0.96765625,1
iterative,o1_b,18,0.97890625,1
iterative,o1_b,19,0.9803125,1
iterative,o1_b,20,0.97609375,1
iterative,o1_b,21,0.98171875,1
iterative,o1_b,22,0.97046875,1
iterative,o1_b,23,0.971875,1
iterative,o1_b,24,0.97046875,1
iterative,o1_b,25,0.9746875,1
iterative,o1_b,26,0.97046875,1
iterative,o1_b,27,0.97890625,1
iterative,o1_b,28,0.97890625,1
iterative,o1_b,29,0.9746875,1
iterative,o1_b,30,0.96484375,1
iterative,o1_b,31,0.9746875,1
iterative,o1_b,32,0.97046875,1
iterative,o1_b,33,0.9775,1
iterative,o1_b,34,0.971875,1
iterative,o1_b,35,0.97609375,1
iterative,o1_b,36,0.97890625,1
iterative,o1_b,37,0.9746875,1
iterative,o1_b,38,0.9746875,1
iterative,o1_b,39,0.9690625,1
iterative,o1_b,40,0.96625,1
iterative,o1_b,41,0.9775,1
iterative,o1_b,42,0.97046875,1
iterative,o1_b,43,0.98453125,1
iterative,o1_b,44,0.97046875,1
iterative,o1_b,45,0.9775,1
iterative,o1_b,46,0.9746875,1
iterative,o1_b,47,0.9803125,1
iterative,o1_b,48,0.9690625,1
iterative,o1_b,49,0.97890625,1
iterative,o1_b,50,0.971875,1
iterative,o1_b,51,0.97046875,1
iterative,o1_b,52,0.9690625,1
iterative,o1_b,53,0.97609375,1
iterative,o1_b,54,0.98171875,1
iterative,o1_b,55,0.96765625,1
iterative,o1_b,56,0.98171875,1
iterative,o1_b,57,0.9803125,1
iterative,o1_b,58,0.9803125,1
iterative,o1_b,59,0.97328125,1
iterative,o1_b,60,0.97609375,1
iterative,o1_b,61,0.9746875,1
iterative,o1_b,62,0.97046875,1
iterative,o1_b,63,0.9746875,1
iterative,o1_b,64,0.96765625,1
iterative,o1_b,65,0.9803125,1
iterative,o1_b,66,0.97328125,1
iterative,o1_b,67,0.97328125,1
iterative,o1_b,68,0.971875,1
iterative,o1_b,69,0.9803125,1
iterative,o1_b,70,0.96484375,1
iterative,o1_b,71,0.98171875,1
iterative,o1_b,72,0.97890625,1
iterative,o1_b,73,0.971875,1
iterative,o1_b,74,0.97890625,1
iterative,o1_b,75,0.9775,1
iterative,o1_b,76,0.97609375,1
iterative,o1_b,77,0.971875,1
iterative,o1_b,78,0.97890625,1
iterative,o1_b,79,0.97890625,1
iterative,o1_b,80,0.96625,1
iterative,o1_b,81,0.9746875,1
iterative,o1_b,82,0.97890625,1
iterative,o1_b,83,0.97609375,1
iterative,o1_b,84,0.9775,1
iterative,o1_b,85,0.983125,1
iterative,o1_b,86,0.96484375,1
iterative,o1_b,87,0.97609375,1
iterative,o1_b,88,0.97890625,1
iterative,o1_b,89,0.9775,1
iterative,o1_b,90,0.96765625,1
iterative,o1_b,91,0.960625,1
iterative,o1_b,92,0.97609375,1
iterative,o1_b,93,0.971875,1
iterative,o1_b,94,0.97609375,1
iterative,o1_b,95,0.97890625,1
iterative,o1_b,96,0.971875,1
iterative,o1_b,97,0.9746875,1
iterative,o1_b,98,0.9746875,1
iterative,o1_b,99,0.97046875,1
iterative,o1_c,0,0.0,0
iterative,o1_c,1,0.0,0
iterative,o1_c,2,0.0,0
iterative,o1_c,3,0.0,0
iterative,o1_c,4,0.0,0
iterative,o1_c,5,0.0,0
iterative,o1_c,6,0.0,0
iterative,o1_c,7,0.0,0
iterative,o1_c,8,0.0,0
iterative,o1_c,9,0.0,0
iterative,o1_c,10,0.0,0
iterative,o1_c,11,0.0,0
iterative,o1_c,12,0.0,0
iterative,o1_c,13,0.0,0
iterative,o1_c,14,0.0,0
iterative,o1_c,15,0.0,0
iterative,o1_c,16,0.0,0
iterative,o1_c,17,0.0,0
iterative,o1_c,18,0.0,0
iterative,o1_c,19,0.0,0
iterative,o1_c,20,0.0,0
iterative,o1_c,21,0.0,0
iterative,o1_c,22,0.0,0
iterative,o1_c,23,0.0,0
iterative,o1_c,24,0.0,0
iterative,o1_c,25,0.0,0
iterative,o1_c,26,0.0,0
iterative,o1_c,27,0.0,0
iterative,o1_c,28,0.0,0
iterative,o1_c,29,0.0,0
iterative,o1_c,30,0.0,0
iterative,o1_c,31,0.0,0
iterative,o1_c,32,0.0,0
iterative,o1_c,33,0.0,0
iterative,o1_c,34,0.0,0
iterative,o1_c,35,0.0,0
iterative,o1_c,36,0.0,0
iterative,o1_c,37,0.0,0
iterative,o1_c,38,0.0,0
iterative,o1_c,39,0.0,0
iterative,o1_c,40,0.0,0
iterative,o1_c,41,0.0,0
iterative,o1_c,42,0.0,0
iterative,o1_c,43,0.0,0
iterative,o1_c,44,0.0,0
iterative,o1_c,45,0.0,0
iterative,o1_c,46,0.0,0
iterative,o1_c,47,0.0,0
iterative,o1_c,48,0.0,0
iterative,o1_c,49,0.0,0
iterative,o1_c,50,0.0,0
iterative,o1_c,51,0.0,0
iterative,o1_c,52,0.0,0
iterative,o1_c,53,0.0,0
iterative,o1_c,54,0.0,0
iterative,o1_c,55,0.0,0
iterative,o1_c,56,0.0,0
iterative,o1_c,57,0.0,0
iterative,o1_c,58,0.0,0
iterative,o1_c,59,0.0,0
iterative,o1_c,60,0.0,0
iterative,o1_c,61,0.0,0
iterative,o1_c,62,0.0,0
iterative,o1_c,63,0.0,0
iterative,o1_c,64,0.0,0
iterative,o1_c,65,0.0,0
iterative,o1_c,66,0.0,0
iterative,o1_c,67,0.0,0
iterative,o1_c,68,0.0,0
iterative,o1_c,69,0.0,0
iterative,o1_c,70,0.0,0
iterative,o1_c,71,0.0,0
iterative,o1_c,72,0.0,0
iterative,o1_c,73,0.0,0
iterative,o1_c,74,0.0,0
iterative,o1_c,75,0.0,0
iterative,o1_c,76,0.0,0
iterative,o1_c,77,0.0,0
iterative,o1_c,78,0.0,0
iterative,o1_c,79,0.0,0
iterative,o1_c,80,0.0,0
iterative,o1_c,81,0.0,0
iterative,o1_c,82,0.0,0
iterative,o1_c,83,0.0,0
iterative,o1_c,84,0.0,0
iterative,o1_c,85,0.0,0
iterative,o1_c,86,0.0,0
iterative,o1_c,87,0.0,0
iterative,o1_c,88,0.0,0
iterative,o1_c,89,0.0,0
iterative,o1_c,90,0.0,0
iterative,o1_c,91,0.0,0
iterative,o1_c,92,0.0,0
iterative,o1_c,93,0.0,0
iterative,o1_c,94,0.0,0
iterative,o1_c,95,0.0,0
iterative,o1_c,96,0.0,0
iterative,o1_c,97,0.0,0
iterative,o1_c,98,0.0,0
iterative,o1_c,99,0.0,0
iterative,gemini_25_pro_b,0,0.97609375,1
iterative,gemini_25_pro_b,1,0.0,0
iterative,gemini_25_pro_b,2,0.971875,1
iterative,gemini_25_pro_b,3,0.9746875,1
iterative,gemini_25_pro_b,4,0.0,0
iterative,gemini_25_pro_b,5,0.97609375,1
iterative,gemini_25_pro_b,6,0.98171875,1
iterative,gemini_25_pro_b,7,0.9775,1
iterative,gemini_25_pro_b,8,0.96625,1
iterative,gemini_25_pro_b,9,0.9803125,1
iterative,gemini_25_pro_b,10,0.0,0
iterative,gemini_25_pro_b,11,0.0,0
iterative,gemini_25_pro_b,12,0.97890625,1
iterative,gemini_25_pro_b,13,0.9634375,1
iterative,gemini_25_pro_b,14,0.0,0
iterative,gemini_25_pro_b,15,0.971875,1
iterative,gemini_25_pro_b,16,0.96625,1
iterative,gemini_25_pro_b,17,0.9634375,1
iterative,gemini_25_pro_b,18,0.97609375,1
iterative,gemini_25_pro_b,19,0.0,0
iterative,gemini_25_pro_b,20,0.97609375,1
iterative,gemini_25_pro_b,21,0.96625,1
iterative,gemini_25_pro_b,22,0.97328125,1
iterative,gemini_25_pro_b,23,0.97328125,1
iterative,gemini_25_pro_b,24,0.960625,1
iterative,gemini_25_pro_b,25,0.97890625,1
iterative,gemini_25_pro_b,26,0.97328125,1
iterative,gemini_25_pro_b,27,0.0,0
iterative,gemini_25_pro_b,28,0.9803125,1
iterative,gemini_25_pro_b,29,0.9746875,1
iterative,gemini_25_pro_b,30,0.96625,1
iterative,gemini_25_pro_b,31,0.96765625,1
iterative,gemini_25_pro_b,32,0.97046875,1
iterative,gemini_25_pro_b,33,0.9690625,1
iterative,gemini_25_pro_b,34,0.97328125,1
iterative,gemini_25_pro_b,35,0.9775,1
iterative,gemini_25_pro_b,36,0.971875,1
iterative,gemini_25_pro_b,37,0.0,0
iterative,gemini_25_pro_b,38,0.0,0
iterative,gemini_25_pro_b,39,0.971875,1
iterative,gemini_25_pro_b,40,0.97046875,1
iterative,gemini_25_pro_b,41,0.96203125,1
iterative,gemini_25_pro_b,42,0.971875,1
iterative,gemini_25_pro_b,43,0.0,0
iterative,gemini_25_pro_b,44,0.96625,1
iterative,gemini_25_pro_b,45,0.9746875,1
iterative,gemini_25_pro_b,46,0.97046875,1
iterative,gemini_25_pro_b,47,0.0,0
iterative,gemini_25_pro_b,48,0.97046875,1
iterative,gemini_25_pro_b,49,0.0,0
iterative,gemini_25_pro_b,50,0.971875,1
iterative,gemini_25_pro_b,51,0.971875,1
iterative,gemini_25_pro_b,52,0.971875,1
iterative,gemini_25_pro_b,53,0.96484375,1
iterative,gemini_25_pro_b,54,0.983125,1
iterative,gemini_25_pro_b,55,0.96765625,1
iterative,gemini_25_pro_b,56,0.9775,1
iterative,gemini_25_pro_b,57,0.0,0
iterative,gemini_25_pro_b,58,0.96765625,1
iterative,gemini_25_pro_b,59,0.96765625,1
iterative,gemini_25_pro_b,60,0.0,0
iterative,gemini_25_pro_b,61,0.97328125,1
iterative,gemini_25_pro_b,62,0.971875,1
iterative,gemini_25_pro_b,63,0.0,0
iterative,gemini_25_pro_b,64,0.96625,1
iterative,gemini_25_pro_b,65,0.0,0
iterative,gemini_25_pro_b,66,0.97609375,1
iterative,gemini_25_pro_b,67,0.97328125,1
iterative,gemini_25_pro_b,68,0.97328125,1
iterative,gemini_25_pro_b,69,0.0,0
iterative,gemini_25_pro_b,70,0.96625,1
iterative,gemini_25_pro_b,71,0.97328125,1
iterative,gemini_25_pro_b,72,0.97328125,1
iterative,gemini_25_pro_b,73,0.96625,1
iterative,gemini_25_pro_b,74,0.9803125,1
iterative,gemini_25_pro_b,75,0.97046875,1
iterative,gemini_25_pro_b,76,0.9690625,1
iterative,gemini_25_pro_b,77,0.97328125,1
iterative,gemini_25_pro_b,78,0.9690625,1
iterative,gemini_25_pro_b,79,0.9803125,1
iterative,gemini_25_pro_b,80,0.96625,1
iterative,gemini_25_pro_b,81,0.0,0
iterative,gemini_25_pro_b,82,0.9803125,1
iterative,gemini_25_pro_b,83,0.9746875,1
iterative,gemini_25_pro_b,84,0.97890625,1
iterative,gemini_25_pro_b,85,0.0,0
iterative,gemini_25_pro_b,86,0.96484375,1
iterative,gemini_25_pro_b,87,0.9690625,1
iterative,gemini_25_pro_b,88,0.9690625,1
iterative,gemini_25_pro_b,89,0.9746875,1
iterative,gemini_25_pro_b,90,0.971875,1
iterative,gemini_25_pro_b,91,0.96484375,1
iterative,gemini_25_pro_b,92,0.96625,1
iterative,gemini_25_pro_b,93,0.96625,1
iterative,gemini_25_pro_b,94,0.9775,1
iterative,gemini_25_pro_b,95,0.971875,1
iterative,gemini_25_pro_b,96,0.9746875,1
iterative,gemini_25_pro_b,97,0.97609375,1
iterative,gemini_25_pro_b,98,0.97046875,1
iterative,gemini_25_pro_b,99,0.97046875,1
iterative,gemini_25_pro_c,0,0.97609375,1
iterative,gemini_25_pro_c,1,0.97046875,1
iterative,gemini_25_pro_c,2,0.971875,1
iterative,gemini_25_pro_c,3,0.9775,1
iterative,gemini_25_pro_c,4,0.9803125,1
iterative,gemini_25_pro_c,5,0.97890625,1
iterative,gemini_25_pro_c,6,0.98453125,1
iterative,gemini_25_pro_c,7,0.9775,1
iterative,gemini_25_pro_c,8,0.96625,1
iterative,gemini_25_pro_c,9,0.9803125,1
iterative,gemini_25_pro_c,10,0.98453125,1
iterative,gemini_25_pro_c,11,0.0,0
iterative,gemini_25_pro_c,12,0.98171875,1
iterative,gemini_25_pro_c,13,0.96625,1
iterative,gemini_25_pro_c,14,0.0,0
iterative,gemini_25_pro_c,15,0.971875,1
iterative,gemini_25_pro_c,16,0.9690625,1
iterative,gemini_25_pro_c,17,0.9634375,1
iterative,gemini_25_pro_c,18,0.97890625,1
iterative,gemini_25_pro_c,19,0.97609375,1
iterative,gemini_25_pro_c,20,0.97609375,1
iterative,gemini_25_pro_c,21,0.971875,1
iterative,gemini_25_pro_c,22,0.97328125,1
iterative,gemini_25_pro_c,23,0.97328125,1
iterative,gemini_25_pro_c,24,0.960625,1
iterative,gemini_25_pro_c,25,0.97890625,1
iterative,gemini_25_pro_c,26,0.97328125,1
iterative,gemini_25_pro_c,27,0.9803125,1
iterative,gemini_25_pro_c,28,0.9803125,1
iterative,gemini_25_pro_c,29,0.9775,1
iterative,gemini_25_pro_c,30,0.96625,1
iterative,gemini_25_pro_c,31,0.97046875,1
iterative,gemini_25_pro_c,32,0.97046875,1
iterative,gemini_25_pro_c,33,0.9746875,1
iterative,gemini_25_pro_c,34,0.97328125,1
iterative,gemini_25_pro_c,35,0.9775,1
iterative,gemini_25_pro_c,36,0.9775,1
iterative,gemini_25_pro_c,37,0.0,0
iterative,gemini_25_pro_c,38,0.97609375,1
iterative,gemini_25_pro_c,39,0.971875,1
iterative,gemini_25_pro_c,40,0.97046875,1
iterative,gemini_25_pro_c,41,0.96765625,1
iterative,gemini_25_pro_c,42,0.971875,1
iterative,gemini_25_pro_c,43,0.9775,1
iterative,gemini_25_pro_c,44,0.96625,1
iterative,gemini_25_pro_c,45,0.9746875,1
iterative,gemini_25_pro_c,46,0.97046875,1
iterative,gemini_25_pro_c,47,0.0,0
iterative,gemini_25_pro_c,48,0.97046875,1
iterative,gemini_25_pro_c,49,0.0,0
iterative,gemini_25_pro_c,50,0.971875,1
iterative,gemini_25_pro_c,51,0.9746875,1
iterative,gemini_25_pro_c,52,0.971875,1
iterative,gemini_25_pro_c,53,0.97046875,1
iterative,gemini_25_pro_c,54,0.983125,1
iterative,gemini_25_pro_c,55,0.96765625,1
iterative,gemini_25_pro_c,56,0.983125,1
iterative,gemini_25_pro_c,57,0.0,0
iterative,gemini_25_pro_c,58,0.97046875,1
iterative,gemini_25_pro_c,59,0.97046875,1
iterative,gemini_25_pro_c,60,0.9775,1
iterative,gemini_25_pro_c,61,0.97328125,1
iterative,gemini_25_pro_c,62,0.971875,1
iterative,gemini_25_pro_c,63,0.97890625,1
iterative,gemini_25_pro_c,64,0.96625,1
iterative,gemini_25_pro_c,65,0.98171875,1
iterative,gemini_25_pro_c,66,0.97609375,1
iterative,gemini_25_pro_c,67,0.97328125,1
iterative,gemini_25_pro_c,68,0.97328125,1
iterative,gemini_25_pro_c,69,0.0,0
iterative,gemini_25_pro_c,70,0.96625,1
iterative,gemini_25_pro_c,71,0.97609375,1
iterative,gemini_25_pro_c,72,0.97328125,1
iterative,gemini_25_pro_c,73,0.96625,1
iterative,gemini_25_pro_c,74,0.9803125,1
iterative,gemini_25_pro_c,75,0.97609375,1
iterative,gemini_25_pro_c,76,0.971875,1
iterative,gemini_25_pro_c,77,0.97328125,1
iterative,gemini_25_pro_c,78,0.971875,1
iterative,gemini_25_pro_c,79,0.9803125,1
iterative,gemini_25_pro_c,80,0.96625,1
iterative,gemini_25_pro_c,81,0.97609375,1
iterative,gemini_25_pro_c,82,0.9803125,1
iterative,gemini_25_pro_c,83,0.9746875,1
iterative,gemini_25_pro_c,84,0.97890625,1
iterative,gemini_25_pro_c,85,0.97609375,1
iterative,gemini_25_pro_c,86,0.96484375,1
iterative,gemini_25_pro_c,87,0.971875,1
iterative,gemini_25_pro_c,88,0.971875,1
iterative,gemini_25_pro_c,89,0.9775,1
iterative,gemini_25_pro_c,90,0.971875,1
iterative,gemini_25_pro_c,91,0.96484375,1
iterative,gemini_25_pro_c,92,0.971875,1
iterative,gemini_25_pro_c,93,0.9690625,1
iterative,gemini_25_pro_c,94,0.9775,1
iterative,gemini_25_pro_c,95,0.9746875,1
iterative,gemini_25_pro_c,96,0.9746875,1
iterative,gemini_25_pro_c,97,0.97609375,1
iterative,gemini_25_pro_c,98,0.97328125,1
iterative,gemini_25_pro_c,99,0.97046875,1
iterative,gemini_25_pro_d,0,0.0,0
iterative,gemini_25_pro_d,1,0.0,0
iterative,gemini_25_pro_d,2,0.0,0
iterative,gemini_25_pro_d,3,0.0,0
iterative,gemini_25_pro_d,4,0.0,0
iterative,gemini_25_pro_d,5,0.0,0
iterative,gemini_25_pro_d,6,0.0,0
iterative,gemini_25_pro_d,7,0.0,0
iterative,gemini_25_pro_d,8,0.0,0
iterative,gemini_25_pro_d,9,0.0,0
iterative,gemini_25_pro_d,10,0.0,0
iterative,gemini_25_pro_d,11,0.0,0
iterative,gemini_25_pro_d,12,0.0,0
iterative,gemini_25_pro_d,13,0.0,0
iterative,gemini_25_pro_d,14,0.0,0
iterative,gemini_25_pro_d,15,0.0,0
iterative,gemini_25_pro_d,16,0.0,0
iterative,gemini_25_pro_d,17,0.0,0
iterative,gemini_25_pro_d,18,0.0,0
iterative,gemini_25_pro_d,19,0.0,0
iterative,gemini_25_pro_d,20,0.0,0
iterative,gemini_25_pro_d,21,0.0,0
iterative,gemini_25_pro_d,22,0.0,0
iterative,gemini_25_pro_d,23,0.0,0
iterative,gemini_25_pro_d,24,0.0,0
iterative,gemini_25_pro_d,25,0.0,0
iterative,gemini_25_pro_d,26,0.0,0
iterative,gemini_25_pro_d,27,0.0,0
iterative,gemini_25_pro_d,28,0.0,0
iterative,gemini_25_pro_d,29,0.0,0
iterative,gemini_25_pro_d,30,0.0,0
iterative,gemini_25_pro_d,31,0.0,0
iterative,gemini_25_pro_d,32,0.0,0
iterative,gemini_25_pro_d,33,0.0,0
iterative,gemini_25_pro_d,34,0.0,0
iterative,gemini_25_pro_d,35,0.0,0
iterative,gemini_25_pro_d,36,0.0,0
iterative,gemini_25_pro_d,37,0.0,0
iterative,gemini_25_pro_d,38,0.0,0
iterative,gemini_25_pro_d,39,0.0,0
iterative,gemini_25_pro_d,40,0.0,0
iterative,gemini_25_pro_d,41,0.0,0
iterative,gemini_25_pro_d,42,0.0,0
iterative,gemini_25_pro_d,43,0.0,0
iterative,gemini_25_pro_d,44,0.0,0
iterative,gemini_25_pro_d,45,0.0,0
iterative,gemini_25_pro_d,46,0.0,0
iterative,gemini_25_pro_d,47,0.0,0
iterative,gemini_25_pro_d,48,0.0,0
iterative,gemini_25_pro_d,49,0.0,0
iterative,gemini_25_pro_d,50,0.0,0
iterative,gemini_25_pro_d,51,0.0,0
iterative,gemini_25_pro_d,52,0.0,0
iterative,gemini_25_pro_d,53,0.0,0
iterative,gemini_25_pro_d,54,0.0,0
iterative,gemini_25_pro_d,55,0.0,0
iterative,gemini_25_pro_d,56,0.0,0
iterative,gemini_25_pro_d,57,0.0,0
iterative,gemini_25_pro_d,58,0.0,0
iterative,gemini_25_pro_d,59,0.0,0
iterative,gemini_25_pro_d,60,0.0,0
iterative,gemini_25_pro_d,61,0.0,0
iterative,gemini_25_pro_d,62,0.0,0
iterative,gemini_25_pro_d,63,0.0,0
iterative,gemini_25_pro_d,64,0.0,0
iterative,gemini_25_pro_d,65,0.0,0
iterative,gemini_25_pro_d,66,0.0,0
iterative,gemini_25_pro_d,67,0.0,0
iterative,gemini_25_pro_d,68,0.0,0
iterative,gemini_25_pro_d,69,0.0,0
iterative,gemini_25_pro_d,70,0.0,0
iterative,gemini_25_pro_d,71,0.0,0
iterative,gemini_25_pro_d,72,0.0,0
iterative,gemini_25_pro_d,73,0.0,0
iterative,gemini_25_pro_d,74,0.0,0
iterative,gemini_25_pro_d,75,0.0,0
iterative,gemini_25_pro_d,76,0.0,0
iterative,gemini_25_pro_d,77,0.0,0
iterative,gemini_25_pro_d,78,0.0,0
iterative,gemini_25_pro_d,79,0.0,0
iterative,gemini_25_pro_d,80,0.0,0
iterative,gemini_25_pro_d,81,0.0,0
iterative,gemini_25_pro_d,82,0.0,0
iterative,gemini_25_pro_d,83,0.0,0
iterative,gemini_25_pro_d,84,0.0,0
iterative,gemini_25_pro_d,85,0.0,0
iterative,gemini_25_pro_d,86,0.0,0
iterative,gemini_25_pro_d,87,0.0,0
iterative,gemini_25_pro_d,88,0.0,0
iterative,gemini_25_pro_d,89,0.0,0
iterative,gemini_25_pro_d,90,0.0,0
iterative,gemini_25_pro_d,91,0.0,0
iterative,gemini_25_pro_d,92,0.0,0
iterative,gemini_25_pro_d,93,0.0,0
iterative,gemini_25_pro_d,94,0.0,0
iterative,gemini_25_pro_d,95,0.0,0
iterative,gemini_25_pro_d,96,0.0,0
iterative,gemini_25_pro_d,97,0.0,0
iterative,gemini_25_pro_d,98,0.0,0
iterative,gemini_25_pro_d,99,0.0,0
iterative,deepseek_b,0,0.97609375,1
iterative,deepseek_b,1,0.97328125,1
iterative,deepseek_b,2,0.971875,1
iterative,deepseek_b,3,0.9775,1
iterative,deepseek_b,4,0.983125,1
iterative,deepseek_b,5,0.97890625,1
iterative,deepseek_b,6,0.0,0
iterative,deepseek_b,7,0.9775,1
iterative,deepseek_b,8,0.96625,1
iterative,deepseek_b,9,0.9803125,1
iterative,deepseek_b,10,0.98453125,1
iterative,deepseek_b,11,0.97890625,1
iterative,deepseek_b,12,0.98171875,1
iterative,deepseek_b,13,0.9690625,1
iterative,deepseek_b,14,0.971875,1
iterative,deepseek_b,15,0.971875,1
iterative,deepseek_b,16,0.9803125,1
iterative,deepseek_b,17,0.9690625,1
iterative,deepseek_b,18,0.97890625,1
iterative,deepseek_b,19,0.98171875,1
iterative,deepseek_b,20,0.97609375,1
iterative,deepseek_b,21,0.983125,1
iterative,deepseek_b,22,0.97328125,1
iterative,deepseek_b,23,0.0,0
iterative,deepseek_b,24,0.971875,1
iterative,deepseek_b,25,0.97890625,1
iterative,deepseek_b,26,0.97328125,1
iterative,deepseek_b,27,0.9803125,1
iterative,deepseek_b,28,0.9803125,1
iterative,deepseek_b,29,0.9775,1
iterative,deepseek_b,30,0.0,0
iterative,deepseek_b,31,0.0,0
iterative,deepseek_b,32,0.97046875,1
iterative,deepseek_b,33,0.9775,1
iterative,deepseek_b,34,0.97328125,1
iterative,deepseek_b,35,0.9775,1
iterative,deepseek_b,36,0.9803125,1
iterative,deepseek_b,37,0.97609375,1
iterative,deepseek_b,38,0.97609375,1
iterative,deepseek_b,39,0.971875,1
iterative,deepseek_b,40,0.97046875,1
iterative,deepseek_b,41,0.97890625,1
iterative,deepseek_b,42,0.971875,1
iterative,deepseek_b,43,0.0,0
iterative,deepseek_b,44,0.971875,1
iterative,deepseek_b,45,0.9775,1
iterative,deepseek_b,46,0.97609375,1
iterative,deepseek_b,47,0.98171875,1
iterative,deepseek_b,48,0.97046875,1
iterative,deepseek_b,49,0.9803125,1
iterative,deepseek_b,50,0.971875,1
iterative,deepseek_b,51,0.9746875,1
iterative,deepseek_b,52,0.971875,1
iterative,deepseek_b,53,0.97890625,1
iterative,deepseek_b,54,0.983125,1
iterative,deepseek_b,55,0.96765625,1
iterative,deepseek_b,56,0.983125,1
iterative,deepseek_b,57,0.98171875,1
iterative,deepseek_b,58,0.0,0
iterative,deepseek_b,59,0.97609375,1
iterative,deepseek_b,60,0.9775,1
iterative,deepseek_b,61,0.97609375,1
iterative,deepseek_b,62,0.971875,1
iterative,deepseek_b,63,0.97890625,1
iterative,deepseek_b,64,0.971875,1
iterative,deepseek_b,65,0.0,0
iterative,deepseek_b,66,0.97609375,1
iterative,deepseek_b,67,0.97328125,1
iterative,deepseek_b,68,0.97328125,1
iterative,deepseek_b,69,0.98171875,1
iterative,deepseek_b,70,0.96625,1
iterative,deepseek_b,71,0.98171875,1
iterative,deepseek_b,72,0.97890625,1
iterative,deepseek_b,73,0.971875,1
iterative,deepseek_b,74,0.9803125,1
iterative,deepseek_b,75,0.97890625,1
iterative,deepseek_b,76,0.0,0
iterative,deepseek_b,77,0.97328125,1
iterative,deepseek_b,78,0.9803125,1
iterative,deepseek_b,79,0.9803125,1
iterative,deepseek_b,80,0.96625,1
iterative,deepseek_b,81,0.97609375,1
iterative,deepseek_b,82,0.0,0
iterative,deepseek_b,83,0.9775,1
iterative,deepseek_b,84,0.97890625,1
iterative,deepseek_b,85,0.98453125,1
iterative,deepseek_b,86,0.96484375,1
iterative,deepseek_b,87,0.0,0
iterative,deepseek_b,88,0.9803125,1
iterative,deepseek_b,89,0.9803125,1
iterative,deepseek_b,90,0.971875,1
iterative,deepseek_b,91,0.96484375,1
iterative,deepseek_b,92,0.9775,1
iterative,deepseek_b,93,0.9746875,1
iterative,deepseek_b,94,0.9775,1
iterative,deepseek_b,95,0.9803125,1
iterative,deepseek_b,96,0.9746875,1
iterative,deepseek_b,97,0.0,0
iterative,deepseek_b,98,0.97890625,1
iterative,deepseek_b,99,0.97046875,1
iterative,gpt_4o_b,0,0.0,0
iterative,gpt_4o_b,1,0.0,0
iterative,gpt_4o_b,2,0.0,0
iterative,gpt_4o_b,3,0.0,0
iterative,gpt_4o_b,4,0.0,0
iterative,gpt_4o_b,5,0.0,0
iterative,gpt_4o_b,6,0.0,0
iterative,gpt_4o_b,7,0.0,0
iterative,gpt_4o_b,8,0.0,0
iterative,gpt_4o_b,9,0.0,0
iterative,gpt_4o_b,10,0.0,0
iterative,gpt_4o_b,11,0.0,0
iterative,gpt_4o_b,12,0.0,0
iterative,gpt_4o_b,13,0.0,0
iterative,gpt_4o_b,14,0.0,0
iterative,gpt_4o_b,15,0.0,0
iterative,gpt_4o_b,16,0.0,0
iterative,gpt_4o_b,17,0.0,0
iterative,gpt_4o_b,18,0.0,0
iterative,gpt_4o_b,19,0.0,0
iterative,gpt_4o_b,20,0.0,0
iterative,gpt_4o_b,21,0.0,0
iterative,gpt_4o_b,22,0.0,0
iterative,gpt_4o_b,23,0.0,0
iterative,gpt_4o_b,24,0.0,0
iterative,gpt_4o_b,25,0.0,0
iterative,gpt_4o_b,26,0.0,0
iterative,gpt_4o_b,27,0.0,0
iterative,gpt_4o_b,28,0.0,0
iterative,gpt_4o_b,29,0.0,0
iterative,gpt_4o_b,30,0.0,0
iterative,gpt_4o_b,31,0.0,0
iterative,gpt_4o_b,32,0.0,0
iterative,gpt_4o_b,33,0.0,0
iterative,gpt_4o_b,34,0.0,0
iterative,gpt_4o_b,35,0.0,0
iterative,gpt_4o_b,36,0.0,0
iterative,gpt_4o_b,37,0.0,0
iterative,gpt_4o_b,38,0.0,0
iterative,gpt_4o_b,39,0.0,0
iterative,gpt_4o_b,40,0.0,0
iterative,gpt_4o_b,41,0.0,0
iterative,gpt_4o_b,42,0.0,0
iterative,gpt_4o_b,43,0.0,0
iterative,gpt_4o_b,44,0.0,0
iterative,gpt_4o_b,45,0.0,0
iterative,gpt_4o_b,46,0.0,0
iterative,gpt_4o_b,47,0.0,0
iterative,gpt_4o_b,48,0.0,0
iterative,gpt_4o_b,49,0.0,0
iterative,gpt_4o_b,50,0.0,0
iterative,gpt_4o_b,51,0.0,0
iterative,gpt_4o_b,52,0.0,0
iterative,gpt_4o_b,53,0.0,0
iterative,gpt_4o_b,54,0.0,0
iterative,gpt_4o_b,55,0.0,0
iterative,gpt_4o_b,56,0.0,0
iterative,gpt_4o_b,57,0.0,0
iterative,gpt_4o_b,58,0.0,0
iterative,gpt_4o_b,59,0.0,0
iterative,gpt_4o_b,60,0.0,0
iterative,gpt_4o_b,61,0.0,0
iterative,gpt_4o_b,62,0.0,0
iterative,gpt_4o_b,63,0.0,0
iterative,gpt_4o_b,64,0.0,0
iterative,gpt_4o_b,65,0.0,0
iterative,gpt_4o_b,66,0.0,0
iterative,gpt_4o_b,67,0.0,0
iterative,gpt_4o_b,68,0.0,0
iterative,gpt_4o_b,69,0.0,0
iterative,gpt_4o_b,70,0.0,0
iterative,gpt_4o_b,71,0.0,0
iterative,gpt_4o_b,72,0.0,0
iterative,gpt_4o_b,73,0.0,0
iterative,gpt_4o_b,74,0.0,0
iterative,gpt_4o_b,75,0.0,0
iterative,gpt_4o_b,76,0.0,0
iterative,gpt_4o_b,77,0.0,0
iterative,gpt_4o_b,78,0.0,0
iterative,gpt_4o_b,79,0.0,0
iterative,gpt_4o_b,80,0.0,0
iterative,gpt_4o_b,81,0.0,0
iterative,gpt_4o_b,82,0.0,0
iterative,gpt_4o_b,83,0.0,0
iterative,gpt_4o_b,84,0.0,0
iterative,gpt_4o_b,85,0.0,0
iterative,gpt_4o_b,86,0.0,0
iterative,gpt_4o_b,87,0.0,0
iterative,gpt_4o_b,88,0.0,0
iterative,gpt_4o_b,89,0.0,0
iterative,gpt_4o_b,90,0.0,0
iterative,gpt_4o_b,91,0.0,0
iterative,gpt_4o_b,92,0.0,0
iterative,gpt_4o_b,93,0.0,0
iterative,gpt_4o_b,94,0.0,0
iterative,gpt_4o_b,95,0.0,0
iterative,gpt_4o_b,96,0.0,0
iterative,gpt_4o_b,97,0.0,0
iterative,gpt_4o_b,98,0.0,0
iterative,gpt_4o_b,99,0.0,0
